user_id,first_name,last_name,email
09958a2f-87e6-43bf-9702-225425eb0405,Catherine,Elliott,celliott0@omniture.com
0d6171d3-bc87-4f8c-a7a0-db42c2993ac4,Victor,Austin,vaustin1@ocn.ne.jp
4cef63a2-5f9d-41be-a526-171667c9dff4,Phillip,Nguyen,pnguyen2@prlog.org
9ec23e82-d123-4177-964d-d3423de357f4,Victor,Nguyen,vnguyen3@paginegialle.it
f05a6e52-03e4-40c0-a41e-819433512801,Lois,Grant,lgrant4@eepurl.com
16006b81-04f4-4dbe-b177-2974b30dd64c,Randy,Bailey,rbailey5@ycombinator.com
32a398ae-daea-4954-b989-12594301c2d0,Stephanie,Lewis,slewis6@printfriendly.com
63fc94af-2bc3-46d0-adca-8ebc2b65b8f2,Earl,Allen,eallen7@unblog.fr
529bdf99-943c-4a7f-aca6-dde69957fbaa,Russell,Mitchell,rmitchell8@mayoclinic.com
d2c76db6-3086-41d8-aa70-3e7878fe5622,Emily,Harrison,eharrison9@livejournal.com
558682e9-d0d3-425a-ad92-7c13128784d2,Katherine,Thomas,kthomasa@loc.gov
2f1111e3-9388-4c84-9a69-d33de38bc17f,Ronald,Wells,rwellsb@theatlantic.com
72d9a323-d629-41e2-8f22-2492c2452a52,Daniel,Kelley,dkelleyc@geocities.jp
67ddb7f0-3be7-443e-ac38-cfbbde9e897d,Dorothy,Howell,dhowelld@nsw.gov.au
739e3fbc-839c-4415-8de0-16ced4f6f28a,Linda,Grant,lgrante@hatena.ne.jp
6f67784e-12e5-45b6-b203-106d225d4ae1,Chris,Martinez,cmartinezf@cpanel.net
0f5304a2-3c3c-419a-9762-52b51c45185f,Charles,Wheeler,cwheelerg@hexun.com
40681a77-716f-4529-9fd0-ee20d03980d9,Todd,White,twhiteh@google.com.au
61518d36-f719-412c-a936-722d51fb4191,Dorothy,Long,dlongi@google.cn
6be625be-7371-4f8e-bdde-253514dc0778,Christine,Elliott,celliottj@miitbeian.gov.cn
98c6a359-2508-43f3-982e-412223f8d956,Randy,Stanley,rstanleyk@ifeng.com
45ac54f2-efe0-41cf-b0b6-ada68bacfc53,Kenneth,Howell,khowelll@51.la
a02dc423-1943-4efd-80ad-1f164378c7e9,Kenneth,Gardner,kgardnerm@alibaba.com
89cf44a7-50df-49e6-80a1-183259d4121b,Terry,Bowman,tbowmann@theglobeandmail.com
7898d928-8c88-444c-8f70-3a62445f9c56,Phyllis,Jordan,pjordano@delicious.com
b9569ef5-ddde-484d-a5d3-41e0374c9712,Kevin,Mendoza,kmendozap@360.cn
db894717-ff85-4a66-9277-f2604f9a7ce2,Roger,Lopez,rlopezq@blogger.com
491204fa-eadc-4916-952e-f0c2fec3f591,Fred,Gray,fgrayr@theglobeandmail.com
88d5dd4a-f715-4390-928b-ea562b2c115d,Randy,Ross,rrosss@paypal.com
20b8cbbf-bd5e-476b-a05a-4913ff13a868,Jose,Stanley,jstanleyt@seattletimes.com
4f64dd70-f1ca-481a-beae-2b51d977e868,Kevin,Martinez,kmartinezu@google.ru
0307d624-771f-4cd8-af0c-8a7bf3d7e9d0,Shawn,Fernandez,sfernandezv@dagondesign.com
fb0df0d6-334e-4b66-8a56-276ae98db06f,Samuel,Payne,spaynew@examiner.com
1173f4fb-2580-4227-975b-48584fb49629,Marilyn,Hughes,mhughesx@webnode.com
88f87da1-c848-4034-b445-ad7c45530571,Ann,Ortiz,aortizy@cocolog-nifty.com
6e2140c3-dd65-410a-b316-01ea456226ef,Phillip,Gonzalez,pgonzalezz@springer.com
e2bce585-a331-451b-8f3d-13b69a9e1130,Tammy,Day,tday10@wunderground.com
a8052ded-2c38-4871-988b-cacad1d2c0c1,Roger,Hernandez,rhernandez11@unc.edu
ad752a84-f737-472d-9fe9-6377e2bf9b4e,Bruce,Burton,bburton12@oakley.com
5553b279-3669-41a3-b1e1-abf685f12040,Shirley,Shaw,sshaw13@dailymail.co.uk
d434031d-3ef5-4377-8b2c-ba8598f820bc,Antonio,Lewis,alewis14@squarespace.com
9ce5f79d-d5aa-4365-a3d9-eb56386516b7,Todd,Perez,tperez15@exblog.jp
cfa522fe-6cf0-4226-8a37-924d88c238cd,Matthew,Andrews,mandrews16@odnoklassniki.ru
a09a5586-f384-45cd-bd6c-26277ce9aa5d,Amanda,Warren,awarren17@ucoz.ru
11c06d80-1449-4aca-9ade-245858312256,Terry,Carpenter,tcarpenter18@bloglines.com
769826da-0133-4eac-8b15-6055217385ba,Tammy,Gutierrez,tgutierrez19@discuz.net
e632458a-5d7b-41c5-94dd-bc82203e08a7,Margaret,Reed,mreed1a@gmpg.org
44b68f59-c66e-4e94-b2f5-bb0181ed81ba,Edward,Dixon,edixon1b@nyu.edu
3da8af5f-55cc-48ae-9a43-16bf55c32bd4,Jesse,Campbell,jcampbell1c@pcworld.com
0fc65cf2-429d-4e47-b9fc-ad3b570ce2f8,Denise,Carpenter,dcarpenter1d@google.com.br
